<?xml version="1.0" encoding="UTF-8"?>

<web-app xmlns= "http://xmlns.jcp.org/xml/ns/javaee"
		 xmlns:xsi="http://www.w3.org/2001/XMLSchema-instance"
		 xsi:schemaLocation="http://xmlns.jcp.org/xml/ns/javaee
		 http://xmlns.jcp.org/xml/ns/javaee/web-app_3_1.xsd"
		 version="3.1">
		 
	<servlet>
		<servlet-name>TourInsert</servlet-name>
		<servlet-class>com.tour.TourInsert</servlet-class>
	</servlet>
	<servlet-mapping>
		<servlet-name>TourInsert</servlet-name>
		<url-pattern>/TourInsert</url-pattern>
	</servlet-mapping>
	
	<servlet>
		<servlet-name>LoginServlet</servlet-name>
		<servlet-class>com.customer.LoginServlet</servlet-class>
	</servlet>
	<servlet-mapping>
		<servlet-name>LoginServlet</servlet-name>
		<url-pattern>/LoginServlet</url-pattern>
	</servlet-mapping>
		 
	<servlet>
		<servlet-name>UpdateTourServlet</servlet-name>
		<servlet-class>com.tour.UpdateTourServlet</servlet-class>
	</servlet>
	<servlet-mapping>
		<servlet-name>UpdateTourServlet</servlet-name>
		<url-pattern>/UpdateTourServlet</url-pattern>
	</servlet-mapping>
	
	<servlet>
		<servlet-name>DeleteTourServlet</servlet-name>
		<servlet-class>com.tour.DeleteTourServlet</servlet-class>
	</servlet>
	<servlet-mapping>
		<servlet-name>DeleteTourServlet</servlet-name>
		<url-pattern>/DeleteTourServlet</url-pattern>
	</servlet-mapping>
	
	
</web-app>